time,Eu,xmu,Eu_plus_xmu
10,-123.8062,98.55633612209999,-25.24986387790001
20,-82.0664,44.0633309666,-38.0030690334
30,-83.1648,105.5859598276,22.421159827600007
40,-30.3341,40.926879896500004,10.592779896500005
50,-56.6932,60.793497441499994,4.100297441499997
60,-127.7743,101.6814717916,-26.092828208399993
70,-72.8078,48.3881867993,-24.4196132007
80,-46.3494,26.0005386006,-20.348861399400004
90,-39.5385,59.819081123500006,20.280581123500006
100,-80.2245,53.364206600100005,-26.8602933999
110,-88.5463,76.8373973696,-11.708902630400004
120,-92.1599,76.99462882599998,-15.165271174000011
130,-103.6901,101.68343484409999,-2.0066651559000093
140,-141.9582,118.5697135583,-23.38848644170001
150,-110.8838,107.96433278399999,-2.919467216000001
160,-116.5925,105.02730966860001,-11.56519033139999
170,-108.1887,91.047810447,-17.140889552999994
180,-139.0093,136.9514108927,-2.057889107299985
190,-123.208,92.70062110190001,-30.507378898099986
200,-8.8091,31.925930883299998,23.116830883299997
210,-92.0378,69.0759244039,-22.9618755961
220,-130.5807,88.71741454479998,-41.86328545520003
230,-52.9839,55.8770692012,2.8931692012000028
240,-29.6612,10.1579913917,-19.5032086083
250,-37.1633,42.1218638529,4.958563852899999
260,-46.9855,81.56577755,34.580277550000005
270,-116.3251,94.431467215,-21.89363278500001
280,-63.1138,75.89574769229999,12.781947692299994
290,-68.6827,37.235071705500005,-31.447628294499992
300,-84.4973,107.0727367402,22.575436740200004
310,-94.5787,57.5537177533,-37.0249822467
320,-81.8793,99.60926734559999,17.729967345599988
330,-49.2242,64.195460735,14.971260734999994
340,-106.951,104.594859657,-2.3561403429999928
350,-140.9185,134.2431915637,-6.675308436299986
360,-166.5637,124.91060491100001,-41.653095089000004
370,-152.3723,114.3600771757,-38.0122228243
380,-154.1025,149.2523340761,-4.8501659238999935
390,-107.2315,119.05433734309999,11.822837343099991
400,-102.8811,92.8207219981,-10.060378001900006
410,-138.5928,114.9450623442,-23.647737655800015
420,-121.1158,132.6362300481,11.52043004810001
430,-104.6585,90.51601166930003,-14.142488330699976
440,-134.1862,128.2293022059,-5.956897794100001
450,-142.6641,125.55720229239999,-17.106897707599998
460,-147.8184,149.0290369156,1.2106369155999914
470,-144.4374,130.3007637904,-14.136636209599999
480,-133.3883,137.9279844276,4.539684427600008
490,-114.0959,109.098381517,-4.997518482999993
500,-100.8392,117.144188996,16.30498899599999
510,-91.1332,71.6055779283,-19.52762207170001
520,-67.3926,76.36542513019998,8.972825130199979
530,-123.3982,155.92846807200002,32.53026807200001
540,-168.472,146.9363935485,-21.5356064515
550,-155.3062,159.179453429,3.873253429000016
560,-119.5195,125.5770205148,6.057520514800004
570,-176.3507,162.68275175850002,-13.667948241499971
580,-103.6564,111.0949202115,7.438520211499991
590,-123.2594,92.9739352889,-30.285464711100005
600,-77.8765,88.6178693655,10.741369365500006
610,-83.0043,108.7713661586,25.767066158600002
620,-92.0582,79.73920938239999,-12.318990617600008
630,-61.1447,54.829420927700006,-6.315279072299994
640,-85.2461,105.7017785549,20.455678554900004
650,-164.4512,137.8862225049,-26.56497749510001
660,-128.2705,85.2377721949,-43.032727805099995
670,-130.7467,115.7317808259,-15.014919174100001
680,-132.2383,113.6889071026,-18.54939289740001
690,-152.7,118.383510323,-34.31648967699999
700,-76.7436,46.3100832446,-30.4335167554
710,-112.6815,86.25616413589998,-26.42533586410002
720,-135.7791,139.4433330664,3.664233066399987
730,-146.0751,147.4273941555,1.3522941555000045
740,-115.4237,117.7881568424,2.3644568424000028
750,-118.8125,82.2626622833,-36.5498377167
760,-93.8649,61.156267087399996,-32.70863291260001
770,-38.8748,39.133285677800004,0.2584856778000031
780,-36.0691,7.9511445032,-28.1179554968
790,-105.8974,81.6188705352,-24.278529464800002
800,-101.8093,71.4553348341,-30.353965165899993
810,-101.5781,86.42486483099998,-15.153235169000027
820,-108.1604,78.4501546007,-29.710245399299993
830,-98.4392,95.5890395952,-2.8501604047999933
840,-68.3822,71.5564393948,3.174239394799997
850,-82.5515,59.156162350200006,-23.3953376498
860,-66.7008,36.347437448499996,-30.353362551500005
870,-82.7948,57.290519802,-25.504280197999996
880,-121.7859,93.48684980610001,-28.299050193899987
890,-94.0174,67.2217015613,-26.7956984387
900,-123.6464,83.411025062,-40.23537493800001
910,-134.8196,101.0617744898,-33.75782551020001
920,-98.6404,85.68590513469998,-12.95449486530002
930,-120.1986,95.0855058315,-25.113094168499998
940,-135.0983,136.69588286360002,1.5975828636000244
950,-143.9292,115.5685720828,-28.360627917200006
960,-79.5346,73.2031529685,-6.331447031499991
970,-181.7011,144.7670845637,-36.9340154363
980,-155.5724,128.03033408459999,-27.542065915400002
990,-85.664,66.48137662069999,-19.18262337930001
1000,-166.7981,105.93477819040001,-60.863321809599995
1010,-138.1704,111.7404432698,-26.429956730200004
1020,-140.5547,84.8048131964,-55.74988680359999
1030,-106.8579,76.17548879579999,-30.682411204200008
1040,-111.5361,113.96203180149999,2.425931801499985
1050,-117.2657,100.8956190423,-16.370080957699997
1060,-116.6036,87.01215219239998,-29.59144780760002
1070,-77.5115,75.52104100319998,-1.9904589968000153
1080,-114.2575,76.715134133,-37.54236586699999
1090,-95.5263,111.02892086870001,15.502620868700006
1100,-115.0317,64.7107906604,-50.32090933960001
1110,-41.8344,51.6586915931,9.8242915931
1120,-25.2349,24.6044167327,-0.6304832673000007
1130,-93.2178,67.0458714332,-26.17192856679999
1140,-79.872,58.783021096000006,-21.088978903999994
1150,-96.4475,87.0200112072,-9.427488792800006
1160,-93.243,88.25800160619998,-4.984998393800012
1170,-85.4412,83.0185560175,-2.4226439824999915
1180,-96.5865,81.3190639639,-15.267436036099994
1190,-135.1009,82.7258352446,-52.37506475539999
1200,-113.5799,75.0934955966,-38.4864044034
1210,-135.2805,81.84150346229998,-53.43899653770001
1220,-136.6269,103.9800377403,-32.6468622597
1230,-97.1004,99.773496239,2.673096239000003
1240,-106.0799,110.434684956,4.354784956000003
1250,-100.1743,111.3465540956,11.172254095599996
1260,-65.6425,80.325818997,14.683318997
1270,-126.7605,90.8774086378,-35.88309136219999
1280,-109.1296,101.4800958652,-7.649504134799997
1290,-90.0322,108.161261078,18.129061077999992
1300,-97.8746,90.7467551388,-7.127844861200003
1310,-142.5376,96.4666796666,-46.0709203334
1320,-76.4378,105.9182823326,29.480482332600005
1330,-89.1229,88.1794360567,-0.9434639433000029
1340,-119.2645,100.8125325207,-18.451967479299995
1350,-97.1236,55.766916208599994,-41.3566837914
1360,-94.8143,87.35765385239999,-7.456646147600011
1370,-112.1507,86.23736983299999,-25.913330167000012
1380,-121.9714,104.3655906812,-17.6058093188
1390,-89.6944,83.4355976579,-6.258802342099997
1400,-99.6635,67.6650667908,-31.9984332092
1410,-116.7204,104.6157731144,-12.104626885599998
1420,-139.4397,92.5534134619,-46.88628653809998
1430,-115.2916,103.94828373860001,-11.343316261399991
1440,-129.0718,121.1693559892,-7.9024440107999965
1450,-104.4185,109.72636228360001,5.307862283600016
1460,-100.2329,94.6042074803,-5.628692519699996
1470,-141.5717,94.9409743717,-46.6307256283
1480,-133.244,103.6920876977,-29.551912302299996
1490,-95.8926,105.4085054823,9.515905482299999
1500,-162.8355,146.5697923573,-16.265707642699994
1510,-161.1957,135.9090254419,-25.286674558099975
1520,-117.1559,93.74824930950001,-23.40765069049999
1530,-66.2857,48.8103506675,-17.475349332500002
1540,-92.9211,117.8465851225,24.925485122500007
1550,-180.473,118.0018221365,-62.47117786350002
1560,-141.8727,123.3645257198,-18.50817428020001
1570,-141.032,115.02277216120001,-26.0092278388
1580,-145.6091,128.67359803120002,-16.935501968799997
1590,-147.1655,128.52006410459998,-18.645435895400027
1600,-151.6804,105.5899485475,-46.09045145249999
1610,-54.3084,97.4736689782,43.1652689782
1620,-114.5179,122.1235047624,7.605604762400006
1630,-153.7705,107.4698750168,-46.300624983199995
1640,-150.6738,100.8152528041,-49.8585471959
1650,-130.9319,115.9760639924,-14.955836007600013
1660,-121.031,111.1208526033,-9.910147396700012
1670,-115.8208,89.8960553075,-25.9247446925
1680,-145.8568,120.3236692738,-25.5331307262
1690,-132.5123,114.4535889556,-18.058711044400013
1700,-128.5991,134.0578538466,5.458753846600018
1710,-148.5706,137.0163283361,-11.55427166390001
1720,-133.8584,134.0258883309,0.16748833089999948
1730,-131.9062,130.998005495,-0.9081945050000115
1740,-192.5008,181.01009365669998,-11.490706343300019
1750,-163.7825,150.2681771714,-13.514322828600001
1760,-145.7956,149.69900810229998,3.903408102299977
1770,-184.8709,163.10410090370002,-21.76679909629999
1780,-182.6531,177.6425459901,-5.010554009900005
1790,-165.8669,120.630387813,-45.23651218699999
1800,-132.392,145.9335808189,13.541580818900002
1810,-191.9579,159.7424552599,-32.2154447401
1820,-215.312,159.3348282813,-55.97717171870002
1830,-168.8522,145.2256133055,-23.62658669450002
1840,-137.6523,117.45660965290001,-20.195690347099983
1850,-111.8451,103.8517910816,-7.993308918400004
1860,-130.5872,103.4898521569,-27.097347843099996
1870,-132.626,110.9023309277,-21.723669072299998
1880,-168.8617,145.88831681780002,-22.973383182199996
1890,-119.8962,95.3208449337,-24.57535506629999
1900,-123.0937,82.54485459849998,-40.54884540150002
1910,-124.5896,83.6935913577,-40.8960086423
1920,-70.8976,81.8564863568,10.958886356800008
1930,-151.0446,100.2241972227,-50.8204027773
1940,-97.9138,70.73083633680001,-27.182963663199985
1950,-88.3336,66.6203549292,-21.7132450708
1960,-107.6662,88.5737471634,-19.092452836600003
1970,-149.2218,122.2204422675,-27.001357732499997
1980,-93.9396,91.15650723520001,-2.7830927647999886
1990,-67.9545,68.9531637769,0.9986637769000026
2000,-66.3081,43.5602136149,-22.747886385099996
2010,-103.3791,82.6368501542,-20.74224984579999
2020,-102.6836,81.8761463165,-20.8074536835
2030,-102.6722,72.9746685459,-29.6975314541
2040,-49.5692,55.5440299142,5.974829914200001
2050,-100.1177,67.2036026708,-32.914097329200004
2060,-120.6833,78.2667532124,-42.4165467876
2070,-105.7678,67.6738894926,-38.0939105074
2080,-92.0822,68.685926735,-23.396273265000005
2090,-104.1403,64.3675839462,-39.772716053799996
2100,-115.1865,84.451154744,-30.735345256000002
2110,-129.7723,85.8155513872,-43.9567486128
2120,-67.3168,39.4243628423,-27.8924371577
2130,-76.4598,65.8667718025,-10.593028197500004
2140,-96.6031,91.2772898507,-5.325810149299997
2150,-100.6815,81.87682124689998,-18.80467875310002
2160,-129.2251,59.7527183346,-69.47238166540001
2170,-63.076,51.230480721599996,-11.845519278400005
2180,-150.8932,99.69502511110001,-51.1981748889
2190,-76.5505,43.8738330148,-32.6766669852
2200,-77.8635,90.4455512691,12.582051269099992
2210,-64.0466,77.0841219931,13.0375219931
2220,-97.8236,54.1362784933,-43.6873215067
2230,-62.1853,67.057459438,4.872159437999997
2240,-100.9265,45.0825934825,-55.8439065175
2250,-108.854,53.9507537162,-54.9032462838
2260,-57.8741,47.805040533500005,-10.069059466499994
2270,-79.6311,70.1916178277,-9.439482172300004
2280,-110.5463,74.50118300609999,-36.04511699390001
2290,-46.0058,49.854084111000006,3.8482841110000052
2300,-111.6657,73.3825002985,-38.283199701499996
2310,-86.9629,64.7153734971,-22.2475265029
2320,-79.3214,37.1353093166,-42.186090683399996
2330,-120.5025,109.2429277772,-11.259572222800003
2340,-72.6371,77.21031445149998,4.573214451499979
2350,-94.0953,59.221771680299995,-34.8735283197
2360,-102.2545,72.26756468579998,-29.98693531420001
2370,-116.9867,91.7406964416,-25.246003558400005
2380,-108.8572,70.0286081026,-38.8285918974
2390,-114.508,106.13242369780001,-8.375576302199988
2400,-132.5614,119.0242420291,-13.537157970899997
2410,-144.5355,137.7559905626,-6.779509437400009
2420,-100.5779,98.8244119499,-1.7534880501000032
2430,-121.7802,80.63716498789998,-41.143035012100015
2440,-136.7851,74.3130687294,-62.4720312706
2450,-80.2716,61.183941410900005,-19.087658589100002
2460,-103.4133,58.2381333632,-45.17516663680001
2470,-97.725,81.7343757966,-15.990624203399989
2480,-108.1963,75.5733294518,-32.62297054819999
2490,-101.5848,47.262036135,-54.322763865
2500,-59.8142,48.4890422216,-11.325157778399998
2510,-90.7418,63.284531783199995,-27.457268216800003
2520,-86.5869,79.4050396489,-7.181860351099999
2530,-152.6192,118.8682488148,-33.75095118520001
2540,-116.8929,102.16349185950001,-14.729408140499984
2550,-157.6862,134.63020481540002,-23.055995184599993
2560,-93.8005,91.17015297809999,-2.6303470219000076
2570,-149.8391,100.525855974,-49.31324402600001
2580,-163.5197,120.56651164600001,-42.95318835399999
2590,-100.8498,80.60240064939998,-20.24739935060002
2600,-155.6278,106.0129065459,-49.61489345410001
2610,-152.6972,125.2612020366,-27.435997963400013
2620,-155.9431,130.0796490431,-25.86345095689998
2630,-116.6582,66.2906666276,-50.36753337239999
2640,-91.4956,93.2168618994,1.7212618994000053
2650,-111.6283,104.624647646,-7.003652353999996
2660,-140.1166,121.1059988417,-19.010601158300005
2670,-122.7956,99.00972072540002,-23.785879274599978
2680,-91.5858,107.88763448819999,16.301834488199987
2690,-136.3285,120.3672248909,-15.961275109099986
2700,-114.537,108.37314777659999,-6.1638522234000135
2710,-144.1714,110.2913663411,-33.880033658900004
2720,-131.1938,122.06080679829999,-9.132993201700017
2730,-101.3912,90.93428980549999,-10.456910194500011
2740,-137.4939,108.0220798368,-29.471820163199993
2750,-155.578,138.9287508343,-16.649249165700013
2760,-159.9247,121.70179926870001,-38.22290073129999
2770,-135.9619,159.158720418,23.196820417999987
2780,-115.3814,130.0416488868,14.660248886800005
2790,-150.3979,128.0791631474,-22.318736852599983
2800,-152.0302,145.497486603,-6.532713397000009
2810,-208.0001,172.12913316889998,-35.87096683110002
2820,-195.992,161.295265936,-34.696734064
2830,-151.8517,139.7330069434,-12.118693056599994
2840,-169.8708,174.44048366490003,4.569683664900026
2850,-188.7288,144.428701934,-44.300098066000004
2860,-225.844,152.9231244706,-72.9208755294
2870,-173.962,124.5311141438,-49.43088585619999
2880,-133.7132,107.2398535016,-26.473346498400005
2890,-129.3283,124.1055164361,-5.222783563900009
2900,-127.0638,102.6377622073,-24.4260377927
2910,-142.3537,123.33625635540001,-19.017443644599993
2920,-137.0652,148.5449479693,11.479747969300007
2930,-119.6275,95.51970484659999,-24.107795153400005
2940,-129.8263,93.9763508664,-35.849949133600006
2950,-134.3669,115.42588046110001,-18.94101953889998
2960,-157.4611,130.2680977435,-27.193002256499994
2970,-172.8669,148.3829716466,-24.48392835339999
2980,-174.8932,139.0073845342,-35.88581546579999
2990,-169.5511,160.7643689562,-8.786731043799989
3000,-153.608,151.91867559879998,-1.6893244012000252
3010,-118.0917,115.4529729173,-2.638727082700001
3020,-166.6977,137.3030890481,-29.394610951900006
3030,-104.9913,116.9531735459,11.961873545900005
3040,-146.0326,118.5548512991,-27.47774870090001
3050,-129.7166,110.2277022903,-19.488897709699998
3060,-82.4987,96.74195620879999,14.243256208799991
3070,-102.2814,97.29009817020001,-4.991301829799994
3080,-118.0589,73.799389406,-44.25951059399999
3090,-108.5446,96.1725354575,-12.372064542499999
3100,-153.0542,157.1669158306,4.112715830599996
3110,-163.4506,167.643570557,4.192970556999995
3120,-214.213,192.73058840209998,-21.48241159790001
3130,-192.1041,156.2105318961,-35.89356810389998
3140,-150.3739,119.1340845933,-31.23981540669999
3150,-139.8162,120.41536980629999,-19.400830193700017
3160,-203.3462,148.3623987475,-54.9838012525
3170,-159.3836,112.96810213459999,-46.41549786540001
3180,-131.2516,110.0656329752,-21.185967024799993
3190,-115.0194,119.9306911642,4.911291164199994
3200,-140.1724,139.8148288477,-0.3575711523000109
3210,-118.1037,110.88833755659999,-7.215362443400011
3220,-122.0608,84.95364587,-37.10715413
3230,-136.8437,85.2936808404,-51.55001915960001
3240,-72.7414,39.3080005707,-33.433399429299996
3250,-52.068,53.71899051689999,1.650990516899995
3260,-55.4144,37.3396272535,-18.074772746500003
3270,-89.0139,59.794084876599996,-29.21981512340001
3280,-137.7153,96.1093705268,-41.60592947320001
3290,-111.0758,84.8595168689,-26.2162831311
3300,-125.4067,106.1984802109,-19.2082197891
3310,-120.4014,97.8606234615,-22.540776538499998
3320,-193.9877,163.7075186458,-30.280181354199982
3330,-141.8435,125.693017642,-16.150482358000005
3340,-154.8412,121.9215554705,-32.91964452949999
3350,-181.7254,154.8852110976,-26.8401889024
3360,-144.7792,131.7076465723,-13.071553427699996
3370,-75.9599,89.3628211345,13.40292113449999
3380,-141.2914,142.9248098,1.6334097999999813
3390,-91.8142,113.7303742634,21.916174263399995
3400,-125.338,123.11885704209999,-2.2191429579000044
3410,-228.9936,175.3053460592,-53.688253940799996
3420,-178.893,177.8321999616,-1.0608000384000036
3430,-163.8012,157.1264212871,-6.674778712900007
3440,-166.1598,141.3268509387,-24.832949061299985
3450,-177.5341,159.595560502,-17.938539497999983
3460,-173.4884,153.9555420401,-19.532857959900014
3470,-140.7661,116.2625197025,-24.503580297499994
3480,-107.8784,103.52093072049999,-4.357469279500009
3490,-125.5215,84.1857370624,-41.33576293760001
3500,-132.6286,138.7253843636,6.096784363599994
3510,-189.3848,124.5012029257,-64.88359707430001
3520,-168.9621,129.2498284038,-39.7122715962
3530,-139.6225,100.9866564393,-38.635843560699996
3540,-152.3839,121.79630622030001,-30.5875937797
3550,-185.4016,152.89980138069998,-32.50179861930002
3560,-82.7074,93.6297066809,10.922306680899993
3570,-113.169,72.1366049696,-41.0323950304
3580,-126.0443,109.0040926441,-17.04020735590001
3590,-177.7157,126.9434699536,-50.7722300464
3600,-148.9282,100.11647331530001,-48.81172668469999
3610,-88.0066,88.8454019733,0.8388019732999936
3620,-101.5285,81.14416712169998,-20.384332878300015
3630,-131.6662,84.5602051912,-47.105994808800006
3640,-135.3851,96.3381918133,-39.046908186699994
3650,-64.5336,70.8038379461,6.270237946099996
3660,-124.9776,90.5372361592,-34.44036384079999
3670,-114.1436,99.0051353632,-15.138464636800009
3680,-94.0484,82.9794185278,-11.068981472200008
3690,-149.6366,110.82499922209999,-38.8116007779
3700,-81.6534,83.70055516479998,2.0471551647999746
3710,-71.1943,68.1247881793,-3.0695118207000007
3720,-108.7719,91.2317636663,-17.540136333700005
3730,-206.3908,134.6901998562,-71.70060014380002
3740,-115.201,125.28814239879999,10.087142398799998
3750,-129.8836,111.11542905879999,-18.76817094120001
3760,-82.3464,72.99736257229999,-9.349037427700011
3770,-121.5639,139.4911395985,17.92723959850001
3780,-63.1216,69.3553299079,6.233729907899999
3790,-70.9524,57.5616164887,-13.3907835113
3800,-101.5394,109.9835107732,8.444110773199995
3810,-154.7721,96.18858518850003,-58.58351481149997
3820,-159.3637,105.8648922932,-53.498807706799994
3830,-122.1868,106.4725169878,-15.7142830122
3840,-79.6835,98.53604008290002,18.85254008290002
3850,-166.1755,148.2119620368,-17.963537963199997
3860,-166.7168,137.5472151731,-29.169584826900007
3870,-143.3795,111.13038650930001,-32.2491134907
3880,-157.2674,128.8323053238,-28.43509467620001
3890,-110.5632,97.43155057700001,-13.131649422999985
3900,-130.9815,97.45636081830001,-33.5251391817
3910,-134.3289,96.3771850572,-37.95171494280001
3920,-124.4218,99.3478416084,-25.0739583916
3930,-88.9817,96.0024318034,7.020731803399997
3940,-148.7944,112.81663799340001,-35.97776200659999
3950,-153.7653,138.4869669715,-15.278333028499986
3960,-144.6967,105.13732721950001,-39.559372780499984
3970,-147.485,98.82774811790001,-48.6572518821
3980,-127.4921,108.1945760418,-19.29752395819999
3990,-150.3847,117.57669530959998,-32.808004690400026
4000,-146.4227,102.4374834342,-43.98521656579999
4010,-134.7014,105.66933770600001,-29.032062294
4020,-134.5538,92.8173335826,-41.736466417399996
4030,-132.4579,135.3415839502,2.883683950200009
4040,-119.8567,107.78810405649999,-12.068595943500014
4050,-139.8865,132.6538896874,-7.232610312600002
4060,-130.2189,95.0337526224,-35.18514737759999
4070,-182.997,129.1376327338,-53.859367266200024
4080,-123.5171,98.6979023518,-24.819197648200003
4090,-167.3578,126.8099312867,-40.54786871329999
4100,-144.1154,98.9495602414,-45.1658397586
4110,-109.801,66.6405108814,-43.1604891186
4120,-126.3482,108.09647549559999,-18.251724504400016
4130,-150.2765,126.6543895525,-23.622110447499992
4140,-173.1501,120.9212259475,-52.228874052500004
4150,-156.9625,102.2510918715,-54.71140812850001
4160,-133.909,143.7719482968,9.862948296799999
4170,-160.7251,131.3889143037,-29.336185696299992
4180,-144.9058,116.53547935200001,-28.37032064799999
4190,-159.4513,139.8435476747,-19.607752325299998
4200,-180.3663,141.32154395770002,-39.04475604229998
4210,-139.4863,131.1114708938,-8.374829106199996
4220,-105.0094,104.1905667327,-0.8188332672999934
4230,-115.0734,77.82531659519998,-37.24808340480003
4240,-133.4633,113.32671980180001,-20.136580198199994
4250,-128.6528,100.8884006406,-27.764399359400016
4260,-96.5151,82.67398185519998,-13.84111814480002
4270,-117.3998,104.4409104384,-12.958889561600003
4280,-143.2572,93.40927822430001,-49.8479217757
4290,-103.3616,86.1239036846,-17.2376963154
4300,-94.1873,66.0634754259,-28.1238245741
4310,-89.0418,68.7761993782,-20.26560062179999
4320,-153.4903,127.6064369044,-25.88386309559999
4330,-130.9674,122.4070477334,-8.560352266599992
4340,-144.7967,121.3577633338,-23.438936666199993
4350,-197.1139,154.0476306193,-43.06626938069999
4360,-203.2193,176.07472032130002,-27.144579678699984
4370,-204.5373,186.0669379044,-18.470362095599995
4380,-176.0692,177.21238755099998,1.1431875509999827
4390,-206.0683,181.946478422,-24.12182157799998
4400,-196.6024,166.1690977189,-30.433302281099998
4410,-180.449,149.5833198192,-30.865680180800013
4420,-187.6871,198.52421485349998,10.837114853499997
4430,-164.0995,151.9560209147,-12.143479085300015
4440,-152.4271,125.88153567020001,-26.545564329799987
4450,-186.3497,137.7865813582,-48.5631186418
4460,-209.9568,175.29146847029998,-34.66533152970001
4470,-176.7976,135.07820910889998,-41.719390891100005
4480,-196.9767,139.9739406917,-57.0027593083
4490,-133.9104,132.4239761189,-1.4864238811000234
4500,-160.4588,135.18352712700002,-25.275272872999977
4510,-166.5291,133.8514029641,-32.677697035899996
4520,-153.27,112.6481403358,-40.62185966420002
4530,-206.9176,142.2650326541,-64.6525673459
4540,-205.1376,154.8629581481,-50.274641851899986
4550,-172.9911,163.7160846712,-9.27501532879998
4560,-135.8123,149.2570560664,13.444756066400004
4570,-123.2784,122.6579795619,-0.6204204380999983
4580,-155.4085,125.8752303213,-29.53326967870001
4590,-130.6284,120.7784346991,-9.849965300899996
4600,-141.0612,127.83480208370001,-13.226397916300002
4610,-94.9384,102.2833399941,7.344939994100002
4620,-146.637,149.2243128607,2.5873128606999956
4630,-122.421,98.5225264717,-23.898473528300002
4640,-96.4895,77.2370915604,-19.252408439600003
4650,-102.177,64.531384885,-37.64561511500001
4660,-79.4176,64.3735086136,-15.044091386399998
4670,-117.9463,96.923198696,-21.023101303999994
4680,-122.7167,116.9961778058,-5.720522194200001
4690,-67.3284,49.355439814099995,-17.972960185900007
4700,-116.005,77.93541622779999,-38.069583772200005
4710,-85.1898,72.88921482479999,-12.300585175200013
4720,-67.651,34.3777932846,-33.27320671539999
4730,-109.2828,67.6972259796,-41.58557402039999
4740,-90.2807,81.52012334859998,-8.760576651400015
4750,-80.6148,58.9348403728,-21.679959627200006
4760,-155.9416,107.0329475399,-48.9086524601
4770,-96.7712,60.400207119300006,-36.37099288069999
4780,-100.1375,98.92712091989999,-1.2103790801000116
4790,-90.1799,79.2683251336,-10.911574866400002
4800,-111.7254,72.3738304464,-39.35156955359999
4810,-131.795,90.34233645229999,-41.4526635477
4820,-160.907,108.3754394418,-52.53156055820001
4830,-80.397,65.8458176229,-14.551182377100005
4840,-79.6613,96.85847714020001,17.19717714020001
4850,-65.926,80.3163388725,14.390338872499996
4860,-64.3026,64.0743542336,-0.2282457663999935
4870,-37.6496,-0.7562100384,-38.4058100384
4880,-62.0151,29.168054103499998,-32.8470458965
4890,-89.0342,63.3006120971,-25.7335879029
4900,-59.7024,62.1905084814,2.4881084814000047
4910,-50.43,33.9885787948,-16.4414212052
4920,-33.7828,23.148446973899997,-10.634353026100005
4930,-95.5893,56.810536508599995,-38.7787634914
4940,-58.1651,76.398881394,18.233781393999998
4950,-89.0774,79.08178063149998,-9.995619368500016
4960,-133.2278,109.3907156139,-23.837084386100003
4970,-92.2682,72.870519164,-19.397680835999992
4980,-74.5136,75.15594901379998,0.6423490137999863
4990,-103.7439,82.6643225075,-21.079577492499993
5000,-133.7429,95.30210688790001,-38.44079311209998
5010,-119.3953,105.86238884,-13.532911160000012
5020,-149.4465,94.6787699752,-54.76773002479999
5030,-100.2678,62.3005805594,-37.9672194406
5040,-86.6911,66.5576142064,-20.133485793600002
5050,-104.7102,65.2577188837,-39.45248111630001
5060,-110.6252,99.7481656029,-10.877034397100005
5070,-131.7638,121.1169429381,-10.646857061900008
5080,-96.4639,108.76752113299999,12.303621132999993
5090,-141.955,95.2260502714,-46.728949728600014
5100,-85.9667,96.64356200360001,10.676862003600007
5110,-56.8629,63.212248709300006,6.349348709300003
5120,-108.5646,81.7751679045,-26.789432095500004
5130,-101.2171,93.8532717867,-7.363828213299996
5140,-92.6032,27.3490985573,-65.2541014427
5150,-87.1676,63.9896978697,-23.17790213029999
5160,-66.1923,49.082672109200004,-17.1096278908
5170,-108.0335,80.3766926418,-27.6568073582
5180,-102.0111,87.72785042229998,-14.283249577700019
5190,-48.2342,25.376058272199998,-22.858141727800003
5200,-54.0587,38.1842204319,-15.8744795681
5210,-113.0465,83.72725677219998,-29.319243227800015
5220,-102.0468,94.77452589469999,-7.2722741053000135
5230,-112.0208,88.5790340601,-23.441765939899994
5240,-109.5981,87.1769229455,-22.421177054500006
5250,-84.7501,69.1398874942,-15.610212505800007
5260,-126.6472,99.6023923429,-27.044807657099994
5270,-115.5299,96.3606113536,-19.16928864639999
5280,-110.7077,103.4148278925,-7.292872107500003
5290,-67.643,36.814568697,-30.828431303000002
5300,-105.9528,124.08256273129999,18.12976273129999
5310,-135.3851,124.9150230942,-10.4700769058
5320,-142.2151,128.2365745228,-13.978525477200009
5330,-131.8044,76.5378285228,-55.26657147719999
5340,-123.2904,107.8001332974,-15.49026670260001
5350,-136.3514,109.2231564959,-27.128243504100013
5360,-142.7544,139.5828798259,-3.17152017410001
5370,-129.9532,111.9748241087,-17.978375891300004
5380,-133.1263,109.3326418776,-23.79365812239999
5390,-170.6384,159.84504908559998,-10.793350914400008
5400,-143.0642,132.9347124777,-10.129487522299996
5410,-181.8624,138.6536288579,-43.208771142100005
5420,-99.2727,102.2650022728,2.9923022728000035
5430,-154.8962,148.8523331148,-6.0438668852000035
5440,-237.7062,170.9669041887,-66.7392958113
5450,-209.1615,184.7910869109,-24.370413089099998
5460,-190.0025,156.693803537,-33.30869646299999
5470,-159.0749,135.0571282908,-24.01777170920002
5480,-140.2672,123.190149373,-17.077050627000006
5490,-149.042,123.1603298299,-25.88167017010001
5500,-151.4764,120.495449056,-30.980950944000014
5510,-160.3991,142.0156561197,-18.383443880300007
5520,-178.8617,156.3976393934,-22.464060606600015
5530,-188.7423,135.6509457133,-53.09135428670001
5540,-152.4034,136.3417256247,-16.061674375300015
5550,-155.6281,112.78469792700001,-42.84340207299998
5560,-93.6286,117.29982209059999,23.671222090599983
5570,-136.1664,123.33120726799999,-12.835192732000024
5580,-135.0672,110.8653852981,-24.20181470190002
5590,-102.0645,97.5918262108,-4.472673789200002
5600,-135.2976,108.8112488339,-26.486351166099993
5610,-76.042,84.1221615427,8.080161542699997
5620,-100.111,92.7158574575,-7.395142542500011
5630,-128.6585,95.8507026858,-32.8077973142
5640,-91.4216,102.88592649489999,11.464326494899993
5650,-129.2479,103.973628789,-25.274271210999984
5660,-128.5735,102.11596736610001,-26.457532633899987
5670,-147.5589,97.0097080808,-50.5491919192
5680,-140.2954,121.21997487290001,-19.07542512709999
5690,-130.9276,123.7865585183,-7.1410414817000145
5700,-117.9166,97.07323387950001,-20.843366120499994
5710,-160.5542,122.2720471576,-38.28215284240001
5720,-175.6777,146.19464153270002,-29.48305846729997
5730,-143.0957,99.42529934950001,-43.670400650499985
5740,-95.0781,93.96882003620001,-1.1092799637999917
5750,-104.0882,91.39200996379999,-12.696190036200008
5760,-102.7823,100.6242851399,-2.1580148601000104
5770,-150.5996,116.83260314530001,-33.7669968547
5780,-97.9094,96.30627713,-1.603122870000007
5790,-122.8633,129.78240708229998,6.919107082299988
5800,-31.3416,76.45409395759998,45.11249395759998
5810,-78.931,75.0828505891,-3.8481494108999925
5820,-91.5313,66.199386143,-25.331913857000004
5830,-121.0493,91.4315294131,-29.617770586900008
5840,-106.7419,100.5792423283,-6.1626576717000034
5850,-125.1596,106.9272318522,-18.232368147800003
5860,-79.8811,64.89913838,-14.981961620000007
5870,-102.7433,89.5196605862,-13.2236394138
5880,-101.6499,74.46363707829998,-27.18626292170002
5890,-100.4273,97.98245826649999,-2.444841733500013
5900,-117.5176,82.6012777078,-34.91632229220001
5910,-116.6309,103.7540153026,-12.876884697400001
5920,-56.0484,79.95628982859999,23.90788982859999
5930,-76.797,43.1393561607,-33.6576438393
5940,-63.8308,60.3329688407,-3.4978311593000058
5950,-34.6969,-1.8452050595,-36.5421050595
5960,-59.6148,48.7230483587,-10.891751641300004
5970,-38.2357,44.769927938900004,6.534227938900003
5980,-109.5254,76.41371573969998,-33.111684260300024
5990,-126.2489,93.12125212219999,-33.127647877800015
6000,-72.9223,56.5525228889,-16.369777111100007
6010,-74.8959,92.9499945442,18.054094544199998
6020,-76.6346,86.5332770903,9.898677090299998
6030,-95.2615,56.3657863665,-38.8957136335
6040,-63.8598,39.1852126367,-24.6745873633
6050,-90.9418,51.1176261671,-39.8241738329
6060,-58.5505,48.9094908125,-9.641009187499996
6070,-122.7778,90.0743088776,-32.703491122399996
6080,-75.307,73.8921150031,-1.4148849968999997
6090,-141.3394,112.6112591965,-28.72814080350001
6100,-76.6436,81.017872006,4.374272005999998
6110,-110.281,88.2743677686,-22.006632231400005
6120,-104.5504,104.8793354709,0.3289354709000065
6130,-146.8662,117.0312241185,-29.834975881499986
6140,-141.2596,102.5386233205,-38.72097667950001
6150,-164.1604,138.03894743520001,-26.121452564799995
6160,-134.1246,138.852443836,4.727843836000005
6170,-167.9934,163.93659040219998,-4.056809597800026
6180,-116.8962,129.7469817189,12.85078171890001
6190,-175.31,168.9567075511,-6.3532924488999925
6200,-174.7295,153.2978842849,-21.43161571510001
6210,-163.302,158.9222951582,-4.379704841799992
6220,-156.1608,163.3713118123,7.2105118123000125
6230,-139.028,136.7574509868,-2.2705490131999966
6240,-225.9745,191.2414178121,-34.73308218790001
6250,-191.1841,175.7932965609,-15.390803439100011
6260,-154.8344,140.9006362511,-13.933763748899992
6270,-143.8578,130.7093549886,-13.148445011399986
6280,-233.3596,169.1945798451,-64.16502015489999
6290,-134.3105,155.71103708430002,21.400537084300026
6300,-195.9201,155.9758488479,-39.94425115209998
6310,-120.4913,100.0276491514,-20.463650848599997
6320,-86.4118,88.81731283819998,2.405512838199982
6330,-116.7151,108.2105095181,-8.50459048190001
6340,-139.7386,108.4589415805,-31.279658419499995
6350,-106.7389,110.2720211126,3.5331211126
6360,-196.2415,165.47367098,-30.767829019999994
6370,-176.7403,175.08723971290001,-1.6530602870999758
6380,-245.3221,220.744680807,-24.577419192999997
6390,-180.2401,180.06284987509997,-0.17725012490004133
6400,-256.8636,202.51499910919998,-54.34860089080004
6410,-154.8745,133.0666304393,-21.8078695607
6420,-170.2235,128.79043803049998,-41.43306196950002
6430,-178.3427,143.3886842095,-34.954015790499994
6440,-145.0807,122.4684626083,-22.612237391700006
6450,-123.1166,129.8998356554,6.783235655400006
6460,-88.1923,89.06141768309999,0.8691176830999865
6470,-172.9314,130.0140460932,-42.9173539068
6480,-180.631,184.3758444621,3.744844462099991
6490,-174.8794,123.6900873101,-51.18931268990001
6500,-138.0881,129.6633431211,-8.424756878899984
6510,-178.1373,152.8388567477,-25.298443252300018
6520,-192.8035,177.48946627970003,-15.314033720299989
6530,-235.5372,211.4344724312,-24.10272756880002
6540,-228.7871,149.4216136542,-79.36548634580001
6550,-156.6981,113.4187808619,-43.27931913810001
6560,-181.5458,162.2641253418,-19.281674658200018
6570,-203.448,181.8953563705,-21.55264362950001
6580,-184.3303,158.6873258279,-25.642974172099997
6590,-193.383,154.5325820928,-38.85041790720001
6600,-217.1509,176.8032061319,-40.34769386810001
6610,-189.2578,157.1150238603,-32.142776139700004
6620,-113.5094,119.0480573019,5.5386573019000025
6630,-162.4075,128.9962410368,-33.4112589632
6640,-139.9459,183.63179173810002,43.685891738100025
6650,-219.3863,194.6763708984,-24.70992910160001
6660,-255.008,222.17526179950002,-32.83273820049999
6670,-188.8458,183.2006151329,-5.645184867099999
6680,-233.5946,210.8422076,-22.75239240000002
6690,-213.6066,188.23880786919997,-25.367792130800012
6700,-238.7919,216.82608615720002,-21.965813842799975
6710,-219.5231,201.1073893022,-18.415710697799994
6720,-211.2725,193.26111821799998,-18.01138178200003
6730,-221.1016,186.5422181129,-34.55938188709999
6740,-231.9305,158.5779123393,-73.35258766069998
6750,-230.5204,199.3912748108,-31.129125189199982
6760,-199.8117,194.6064874225,-5.205212577499992
6770,-217.6068,185.0774313498,-32.529368650199984
6780,-257.0616,213.2319764874,-43.829623512599994
6790,-254.3732,211.9216134967,-42.45158650330001
6800,-231.7244,198.7079563001,-33.01644369990001
6810,-209.8539,173.0872078088,-36.76669219120001
6820,-216.0259,172.6526969014,-43.373203098600015
6830,-224.7843,185.6062988107,-39.178001189300005
6840,-242.8281,169.4665336876,-73.36156631240002
6850,-214.4887,161.1354094933,-53.353290506700006
6860,-193.0571,177.9111762945,-15.145923705499996
6870,-184.7274,164.50879800799999,-20.218601992000004
6880,-236.7017,203.4425857853,-33.25911421469999
6890,-194.6025,177.6551451791,-16.94735482089999
6900,-258.3241,202.3095764273,-56.0145235727
6910,-233.9477,193.5612848131,-40.386415186899995
6920,-213.8115,198.0933952355,-15.718104764499998
6930,-219.5118,172.332219269,-47.17958073099999
6940,-196.1102,195.35127342529998,-0.7589265747000127
6950,-193.5833,186.5233984471,-7.0599015529000155
6960,-156.1108,148.2166006196,-7.894199380400011
6970,-199.4652,177.0984225157,-22.366777484300002
6980,-251.6803,214.72574134299998,-36.95455865700001
6990,-178.0242,183.0640149029,5.039814902899991
7000,-209.4914,174.5340419329,-34.95735806709999
7010,-194.1873,168.27002183620002,-25.917278163799978
7020,-187.7623,149.9732724929,-37.7890275071
7030,-187.7195,184.2932670964,-3.4262329036000096
7040,-218.4184,196.4137842158,-22.004615784199984
7050,-209.9361,179.3749137932,-30.561186206800016
7060,-230.7374,203.4860359059,-27.251364094100012
7070,-212.1093,177.2395181406,-34.86978185939998
7080,-224.239,214.798375453,-9.440624546999999
7090,-213.903,185.9603388024,-27.94266119759999
7100,-181.1053,185.6724122557,4.56711225570001
7110,-181.4058,162.6458905509,-18.759909449100007
7120,-184.988,161.3419772714,-23.646022728600002
7130,-145.1183,172.4996735664,27.381373566399986
7140,-178.2624,192.36553810799998,14.103138107999968
7150,-144.2052,163.9556419552,19.750441955200017
7160,-156.1898,157.302313938,1.1125139380000064
7170,-247.3183,201.3267395891,-45.99156041090001
7180,-197.7596,162.1127791063,-35.64682089370001
7190,-150.4643,120.6511640375,-29.813135962500013
7200,-183.4337,169.0585348271,-14.375165172899983
7210,-204.0081,211.3912637182,7.383163718199995
7220,-195.7555,181.5821400615,-14.173359938499999
7230,-222.5065,201.36269755979998,-21.143802440200005
7240,-199.0995,182.0121739518,-17.087326048199998
7250,-219.2902,191.824564996,-27.465635004000006
7260,-195.5428,213.5136045458,17.970804545800007
7270,-201.6347,183.5494586025,-18.0852413975
7280,-195.085,173.4299702883,-21.655029711699996
7290,-178.1798,184.6804616543,6.500661654299989
7300,-109.8398,113.1798594707,3.340059470699998
7310,-122.4343,124.5135574133,2.079257413300013
7320,-155.9283,156.4191550173,0.49085501729999237
7330,-135.8175,123.34242896559999,-12.475071034400003
7340,-131.2253,110.48186268,-20.743437319999998
7350,-159.0693,125.9322176834,-33.1370823166
7360,-101.3595,91.97715119290001,-9.382348807099987
7370,-156.9189,114.2668651865,-42.65203481350001
7380,-178.3709,126.2278180072,-52.143081992800006
7390,-129.7619,116.4172670472,-13.344632952799998
7400,-161.821,109.01653979299999,-52.804460207000005
7410,-131.3779,129.1811104077,-2.196789592300007
7420,-126.5032,126.3173394071,-0.18586059290001344
7430,-138.6549,127.3724060932,-11.2824939068
7440,-162.254,139.47031072549998,-22.783689274500006
7450,-204.1825,158.97747854879998,-45.205021451200025
7460,-166.3968,149.1129264849,-17.283873515100026
7470,-144.1092,150.5748692187,6.465669218700015
7480,-203.9314,166.2084588096,-37.72294119040001
7490,-182.7438,155.776626716,-26.967173283999983
7500,-204.4001,153.79917898280002,-50.600921017199994
7510,-184.5614,180.417798064,-4.143601935999982
7520,-156.3386,141.3002280544,-15.038371945600005
7530,-105.2914,97.7444529706,-7.546947029400002
7540,-132.0406,101.0050464192,-31.035553580800013
7550,-149.6945,103.25898030209999,-46.43551969790002
7560,-147.5313,114.10608951420001,-33.42521048579998
7570,-147.7276,112.2140501718,-35.5135498282
7580,-72.4764,77.9221528252,5.445752825200003
7590,-135.3456,110.7198443489,-24.625755651099993
7600,-120.2234,120.14943459540001,-0.07396540459998846
7610,-188.14,138.0393014142,-50.10069858579999
7620,-106.2177,75.2937780177,-30.923921982299987
7630,-156.6933,132.9836003882,-23.709699611800005
7640,-119.6666,106.05406945770001,-13.612530542299993
7650,-140.3685,113.74908564459999,-26.619414355400025
7660,-157.1991,105.7134597741,-51.485640225899985
7670,-164.9246,135.30507563930001,-29.619524360699984
7680,-135.1308,109.6928847109,-25.43791528909999
7690,-143.3471,106.530955624,-36.81614437600001
7700,-194.2533,147.3465682762,-46.90673172379999
7710,-181.1668,131.4799324464,-49.686867553599996
7720,-92.5395,93.7693904618,1.2298904617999966
7730,-157.3392,115.6395759227,-41.6996240773
7740,-181.2874,144.7304209542,-36.55697904579998
7750,-164.2749,145.00582741670001,-19.269072583299987
7760,-178.2246,150.90839209290002,-27.316207907099994
7770,-159.7417,119.07496385489999,-40.66673614510002
7780,-141.9667,124.5961528241,-17.3705471759
7790,-120.6631,113.3020867324,-7.361013267600001
7800,-136.7628,118.2108661383,-18.551933861699993
7810,-108.9621,106.5658224913,-2.3962775087000097
7820,-109.2752,84.14330301449999,-25.131896985500006
7830,-130.5822,105.01583087559999,-25.566369124400012
7840,-131.5766,95.4959340427,-36.08066595730001
7850,-148.132,112.4378415367,-35.6941584633
7860,-97.9427,104.4226130176,6.479913017599998
7870,-103.1572,99.8635070218,-3.2936929781999993
7880,-97.2464,105.8478933621,8.601493362100001
7890,-86.8632,58.2543001595,-28.60889984050001
7900,-128.0474,131.19160998590002,3.144209985900005
7910,-127.1648,117.19018433030001,-9.974615669699986
7920,-86.7405,91.4598154166,4.719315416599997
7930,-127.14,80.14073295049998,-46.99926704950002
7940,-88.8842,75.08230571379998,-13.801894286200024
7950,-120.7743,107.48892866989999,-13.285371330100006
7960,-141.1509,98.9643496815,-42.18655031850001
7970,-94.4483,101.59968386930001,7.151383869300005
7980,-152.434,133.0503434396,-19.3836565604
7990,-145.767,123.27226726040001,-22.494732739599982
8000,-160.9391,117.7771993333,-43.16190066669999
8010,-127.2031,113.3620549141,-13.841045085900006
8020,-108.7729,86.71931044629999,-22.05358955370002
8030,-146.7684,104.2472314372,-42.521168562800014
8040,-157.1019,118.42189996450001,-38.68000003549999
8050,-101.7023,94.6815302785,-7.020769721499988
8060,-135.3451,97.22563913719999,-38.11946086280001
8070,-116.7665,111.8608355691,-4.905664430899989
8080,-120.7289,109.62813085129999,-11.10076914870001
8090,-146.4343,121.6331475751,-24.80115242490001
8100,-144.2606,137.463682045,-6.796917954999998
8110,-105.2846,134.342933451,29.058333450999996
8120,-184.0968,156.7938152784,-27.302984721600012
8130,-179.0164,158.0527596115,-20.96364038850001
8140,-221.4197,173.98207157459998,-47.43762842540002
8150,-210.9491,168.8655062867,-42.08359371329999
8160,-186.0048,177.8960060337,-8.108793966299999
8170,-198.058,170.6519151835,-27.406084816499998
8180,-164.0378,139.6804342425,-24.35736575749999
8190,-163.588,143.9692231883,-19.618776811700002
8200,-171.97,158.1367800516,-13.8332199484
8210,-182.0178,208.8944825727,26.87668257270002
8220,-195.7275,164.3036716241,-31.4238283759
8230,-198.9266,168.2891795511,-30.637420448900002
8240,-208.5973,189.0827775836,-19.514522416399984
8250,-183.803,139.51532604780002,-44.28767395219998
8260,-161.2781,142.6392908746,-18.6388091254
8270,-201.5138,178.6568182312,-22.85698176880001
8280,-175.8122,173.1811041779,-2.6310958220999794
8290,-176.2506,154.8100636219,-21.440536378099978
8300,-202.3294,179.1276659177,-23.201734082299993
8310,-216.8318,199.085123466,-17.746676533999988
8320,-194.8256,168.06573730739998,-26.759862692600024
8330,-202.7949,162.38835939,-40.40654061000001
8340,-206.7876,176.8935931059,-29.894006894099988
8350,-159.483,131.1414446231,-28.341555376900004
8360,-133.7145,112.6247123066,-21.089787693399984
8370,-122.1787,116.7485830448,-5.430116955200006
8380,-123.6639,118.95364877549999,-4.710251224500013
8390,-144.6033,150.8824861876,6.279186187600004
8400,-147.2956,121.07740684870001,-26.2181931513
8410,-126.6424,109.70826367379999,-16.934136326200004
8420,-108.8028,100.1088944614,-8.693905538600006
8430,-144.2741,112.0442394783,-32.229860521700004
8440,-117.5246,93.0587724011,-24.465827598900006
8450,-154.2682,118.566809545,-35.70139045500001
8460,-172.4135,128.0613182062,-44.352181793799986
8470,-142.0131,111.06507098979999,-30.948029010200017
8480,-93.9433,77.2743579408,-16.668942059199992
8490,-115.3295,91.6915229542,-23.6379770458
8500,-104.3133,113.29604740129999,8.982747401299989
8510,-78.7342,77.6999752267,-1.0342247732999965
8520,-110.7923,100.4468973141,-10.345402685899998
8530,-133.6234,123.8724555673,-9.75094443270001
8540,-161.3033,144.9584931733,-16.344806826699994
8550,-157.6063,130.1604357183,-27.44586428170001
8560,-160.4189,142.7076479557,-17.71125204430001
8570,-52.5072,46.35846790229999,-6.148732097700005
8580,-142.5966,126.6813912587,-15.915208741299992
8590,-154.2346,137.0988614931,-17.135738506899997
8600,-143.0182,112.8679442769,-30.150255723100003
8610,-172.8258,129.1834111883,-43.64238881169999
8620,-152.3314,123.7400462399,-28.591353760100006
8630,-111.5802,114.36903452969999,2.788834529699983
8640,-165.0676,109.8025275895,-55.2650724105
8650,-201.6987,145.6277794227,-56.0709205773
8660,-194.9918,157.0555976881,-37.93620231190002
8670,-193.3084,176.2795591491,-17.028840850899996
8680,-128.1076,117.9419693063,-10.165630693699995
8690,-142.6283,103.35140301979999,-39.27689698020001
8700,-134.6639,132.7036651777,-1.9602348223000092
8710,-205.5235,185.86625268240002,-19.657247317599996
8720,-188.4607,133.8119236283,-54.648776371699995
8730,-158.1648,148.178209802,-9.986590198000016
8740,-202.9575,193.3121447189,-9.645355281100024
8750,-198.4557,188.9220710562,-9.53362894380001
8760,-158.1305,133.0906730426,-25.03982695740001
8770,-197.6232,188.83200761939997,-8.791192380600023
8780,-158.8858,158.85098869450002,-0.03481130549997147
8790,-238.6234,197.05049786439997,-41.57290213560003
8800,-199.3203,169.3622674644,-29.95803253560001
8810,-201.0367,178.30722966509998,-22.729470334900014
8820,-196.3692,186.01196713419998,-10.357232865800029
8830,-214.3254,166.87245300200001,-47.45294699799999
8840,-215.3172,205.7936883566,-9.523511643400013
8850,-129.8473,133.17465139540002,3.3273513954000293
8860,-173.0687,160.36365844440002,-12.70504155559999
8870,-172.325,155.0111013346,-17.31389866539999
8880,-167.7845,152.53428154600002,-15.250218453999992
8890,-205.7322,168.279215464,-37.452984536
8900,-189.819,158.8973238062,-30.921676193799982
8910,-152.9985,132.5093895021,-20.489110497900015
8920,-148.3712,103.99804428510001,-44.37315571489998
8930,-132.8043,128.37011011459998,-4.434189885400031
8940,-169.6045,159.2316680135,-10.372831986499989
8950,-213.4642,173.5358764657,-39.928323534300006
8960,-207.6892,174.8521987956,-32.837001204399996
8970,-191.5075,161.03115498969998,-30.476345010300008
8980,-166.9474,121.6636794842,-45.283720515799985
8990,-140.4574,145.6196183798,5.162218379799981
9000,-213.4174,191.31637126959998,-22.101028730400003
9010,-183.2064,163.516486704,-19.689913296000014
9020,-238.3777,167.7622152698,-70.6154847302
9030,-159.2256,163.66502676780001,4.439426767800029
9040,-120.2709,132.1289547905,11.858054790499992
9050,-186.1273,166.1208576675,-20.0064423325
9060,-181.7231,167.8640333923,-13.859066607699987
9070,-227.7238,191.60599439490002,-36.11780560509999
9080,-215.0649,197.7913771861,-17.2735228139
9090,-201.3149,171.9281581716,-29.386741828400005
9100,-256.0995,225.3400330064,-30.759466993599972
9110,-187.2583,192.60624907279998,5.347949072799992
9120,-175.5284,175.72051340069999,0.19211340069998073
9130,-195.4113,191.9681828869,-3.4431171131000156
9140,-150.0632,152.5082247052,2.4450247052000122
9150,-188.4098,163.55480423950002,-24.854995760499975
9160,-149.8015,167.85060697,18.049106969999997
9170,-180.3701,142.9984250514,-37.3716749486
9180,-230.6765,211.456745496,-19.219754504000008
9190,-203.9651,177.73870812119998,-26.22639187880003
9200,-188.0915,222.61741541669997,34.52591541669997
9210,-212.7849,197.4994895261,-15.285410473899987
9220,-219.915,194.6373731205,-25.27762687949999
9230,-204.8944,173.0943535109,-31.800046489099998
9240,-229.4488,192.8997218208,-36.549078179199995
9250,-151.4009,166.7300039529,15.329103952899999
9260,-196.2723,181.8119460348,-14.4603539652
9270,-218.2493,170.6181959043,-47.63110409570001
9280,-151.3441,137.4828196092,-13.861280390800005
9290,-185.3694,165.4422764547,-19.92712354530002
9300,-193.3111,134.29401684110002,-59.01708315889999
9310,-149.9744,126.3446161517,-23.629783848300008
9320,-162.6009,146.4625476247,-16.138352375300002
9330,-142.3452,111.3244493017,-31.020750698300006
9340,-208.3237,156.9610244921,-51.36267550790001
9350,-190.0696,147.0310728492,-43.03852715080001
9360,-152.9181,111.2144458656,-41.70365413440001
9370,-178.4502,168.05905283459998,-10.391147165400014
9380,-155.9341,188.3918410442,32.45774104419999
9390,-154.7488,150.0674291843,-4.681370815699978
9400,-92.936,98.4101887435,5.474188743499994
9410,-132.6955,133.6281558066,0.9326558065999961
9420,-154.3346,132.0927171637,-22.241882836299993
9430,-192.1203,151.4873690695,-40.63293093049998
9440,-109.526,113.56783760229999,4.041837602299992
9450,-87.4354,89.4895512792,2.054151279199999
9460,-44.1894,39.746129547399995,-4.443270452600004
9470,-100.6438,70.6801945962,-29.963605403800003
9480,-139.2304,130.4031318456,-8.827268154400002
9490,-175.5048,157.7760774549,-17.7287225451
9500,-183.6238,142.3313168835,-41.292483116499994
9510,-182.4967,166.4035772367,-16.093122763300016
9520,-141.5334,127.11310290809999,-14.42029709190001
9530,-114.7941,121.718816325,6.924716325000006
9540,-194.5863,151.4342918653,-43.1520081347
9550,-149.8686,138.4405830378,-11.42801696219999
9560,-153.4668,137.1376907342,-16.329109265800014
9570,-167.4507,137.8174661075,-29.633233892500016
9580,-150.1682,131.0604271779,-19.107772822100003
9590,-186.271,162.84483579049999,-23.4261642095
9600,-148.5899,133.2865968598,-15.3033031402
9610,-164.5074,126.2727308164,-38.23466918359999
9620,-168.0221,136.2987184742,-31.723381525799994
9630,-119.9483,108.9703095219,-10.977990478099997
9640,-165.9427,129.2833228115,-36.6593771885
9650,-93.5685,63.9229154271,-29.6455845729
9660,-89.9108,61.778344967299994,-28.1324550327
9670,-94.9421,105.17458562610001,10.232485626100015
9680,-143.2679,119.5471004331,-23.7207995669
9690,-166.006,155.1907535978,-10.815246402199989
9700,-140.0502,144.6270378917,4.576837891700023
9710,-90.1494,122.4312554401,32.2818554401
9720,-165.4808,117.6743864111,-47.806413588899986
9730,-174.3186,140.1292591424,-34.1893408576
9740,-125.356,116.7820575813,-8.5739424187
9750,-113.6113,91.33855997110001,-22.27274002889999
9760,-146.1454,114.421488305,-31.723911694999998
9770,-182.5344,151.1024533933,-31.431946606699995
9780,-159.2928,154.2333372597,-5.059462740300006
9790,-151.3932,130.3998054927,-20.993394507299996
9800,-171.4431,157.25319458110002,-14.189905418899968
9810,-177.3539,142.3554520747,-34.99844792530001
9820,-185.5007,175.27779419610002,-10.222905803899977
9830,-180.2993,144.4659515064,-35.8333484936
9840,-159.4611,147.1153102967,-12.3457897033
9850,-72.9484,73.9947316132,1.046331613199996
9860,-99.8265,103.9252472153,4.098747215300008
9870,-157.2844,110.0469695857,-47.23743041430001
9880,-135.4311,140.2775401007,4.846440100700022
9890,-155.1663,125.0995049599,-30.066795040100004
9900,-142.5684,128.27356380450001,-14.294836195499983
9910,-147.0185,148.45606405680002,1.4375640568000279
9920,-153.1538,105.00655659,-48.14724340999999
9930,-202.2653,157.6239856965,-44.641314303499996
9940,-168.8039,136.4431346693,-32.36076533069999
9950,-168.6149,132.3662879536,-36.24861204640001
9960,-190.7855,160.4422278525,-30.343272147500016
9970,-220.6115,184.7465992799,-35.864900720099996
9980,-176.9384,162.5175751991,-14.420824800899993
9990,-161.9683,156.32492554360002,-5.643374456399982
10000,-111.0371,109.2844191666,-1.7526808333999924
